id,toy_id,url
1,1,https://tsumeart-1d733.kxcdn.com/web/image/product.image/5171/image_1024?unique=a6be58c
2,1,https://tsumeart-1d733.kxcdn.com/web/image/product.image/5172/image_1024?unique=a6be58c
3,1,https://tsumeart-1d733.kxcdn.com/web/image/product.image/5173/image_1024?unique=a6be58c
4,1,https://tsumeart-1d733.kxcdn.com/web/image/product.image/5180/image_1024?unique=a6be58c
5,1,https://tsumeart-1d733.kxcdn.com/web/image/product.image/5181/image_1024?unique=a6be58c
6,1,https://tsumeart-1d733.kxcdn.com/web/image/product.image/5207/image_1024?unique=a6be58c
7,1,https://tsumeart-1d733.kxcdn.com/web/image/product.image/5233/image_1024?unique=a6be58c
8,1,https://tsumeart-1d733.kxcdn.com/web/image/product.image/5197/image_1024?unique=a6be58c
9,1,https://tsumeart-1d733.kxcdn.com/web/image/product.image/5203/image_1024?unique=a6be58c
10,1,https://tsumeart-1d733.kxcdn.com/web/image/product.image/5204/image_1024?unique=a6be58c
11,2,https://tsumeart-1d733.kxcdn.com/web/image/product.image/5085/image_1024?unique=329addc
12,2,https://tsumeart-1d733.kxcdn.com/web/image/product.image/5086/image_1024?unique=329addc
13,2,https://tsumeart-1d733.kxcdn.com/web/image/product.image/5087/image_1024?unique=329addc
14,2,https://tsumeart-1d733.kxcdn.com/web/image/product.image/5088/image_1024?unique=329addc
15,2,https://tsumeart-1d733.kxcdn.com/web/image/product.image/5090/image_1024?unique=329addc
16,2,https://tsumeart-1d733.kxcdn.com/web/image/product.image/5099/image_1024?unique=329addc
17,2,https://tsumeart-1d733.kxcdn.com/web/image/product.image/5102/image_1024?unique=329addc
18,2,https://tsumeart-1d733.kxcdn.com/web/image/product.image/5111/image_1024?unique=329addc
19,2,https://tsumeart-1d733.kxcdn.com/web/image/product.image/5112/image_1024?unique=329addc
20,2,https://tsumeart-1d733.kxcdn.com/web/image/product.image/5133/image_1024?unique=25d990c
21,3,https://tsumeart-1d733.kxcdn.com/web/image/product.image/4858/image_1024?unique=289d877
22,3,https://tsumeart-1d733.kxcdn.com/web/image/product.image/4859/image_1024?unique=8a19233
23,3,https://tsumeart-1d733.kxcdn.com/web/image/product.image/4860/image_1024?unique=8a19233
24,3,https://tsumeart-1d733.kxcdn.com/web/image/product.image/4861/image_1024?unique=8a19233
25,3,https://tsumeart-1d733.kxcdn.com/web/image/product.image/4867/image_1024?unique=8a19233
26,3,https://tsumeart-1d733.kxcdn.com/web/image/product.image/4872/image_1024?unique=8a19233
27,3,https://tsumeart-1d733.kxcdn.com/web/image/product.image/4874/image_1024?unique=8a19233
28,3,https://tsumeart-1d733.kxcdn.com/web/image/product.image/4880/image_1024?unique=8a19233
29,3,https://tsumeart-1d733.kxcdn.com/web/image/product.image/4886/image_1024?unique=8a19233
30,3,https://tsumeart-1d733.kxcdn.com/web/image/product.image/4896/image_1024?unique=8a19233
31,4,https://tsumeart-1d733.kxcdn.com/web/image/product.image/4628/image_1024?unique=0148bed
32,4,https://tsumeart-1d733.kxcdn.com/web/image/product.image/4629/image_1024?unique=0148bed
33,4,https://tsumeart-1d733.kxcdn.com/web/image/product.image/4630/image_1024?unique=0148bed
34,4,https://tsumeart-1d733.kxcdn.com/web/image/product.image/4631/image_1024?unique=b0cdde1
35,4,https://tsumeart-1d733.kxcdn.com/web/image/product.image/4632/image_1024?unique=b0cdde1
36,4,https://tsumeart-1d733.kxcdn.com/web/image/product.image/4638/image_1024?unique=c2112e6
37,4,https://tsumeart-1d733.kxcdn.com/web/image/product.image/4639/image_1024?unique=c2112e6
38,4,https://tsumeart-1d733.kxcdn.com/web/image/product.image/4645/image_1024?unique=c2112e6
39,4,https://tsumeart-1d733.kxcdn.com/web/image/product.image/4649/image_1024?unique=c2112e6
40,4,https://tsumeart-1d733.kxcdn.com/web/image/product.image/4660/image_1024?unique=c2112e6
41,5,https://tsumeart-1d733.kxcdn.com/web/image/product.image/3589/image_1024?unique=7ff64aa
42,5,https://tsumeart-1d733.kxcdn.com/web/image/product.image/3572/image_1024?unique=7ff64aa
43,5,https://tsumeart-1d733.kxcdn.com/web/image/product.image/3571/image_1024?unique=7ff64aa
44,5,https://tsumeart-1d733.kxcdn.com/web/image/product.image/3573/image_1024?unique=7ff64aa
45,5,https://tsumeart-1d733.kxcdn.com/web/image/product.image/3576/image_1024?unique=7ff64aa
46,5,https://tsumeart-1d733.kxcdn.com/web/image/product.image/3579/image_1024?unique=7ff64aa
47,5,https://tsumeart-1d733.kxcdn.com/web/image/product.image/3581/image_1024?unique=7ff64aa
48,5,https://tsumeart-1d733.kxcdn.com/web/image/product.image/3583/image_1024?unique=7ff64aa
49,5,https://tsumeart-1d733.kxcdn.com/web/image/product.image/3584/image_1024?unique=7ff64aa
50,5,https://tsumeart-1d733.kxcdn.com/web/image/product.image/3586/image_1024?unique=7ff64aa
51,6,https://tsumeart-1d733.kxcdn.com/web/image/product.image/4299/image_1024?unique=d3fab03
52,6,https://tsumeart-1d733.kxcdn.com/web/image/product.image/4279/image_1024?unique=d3fab03
53,6,https://tsumeart-1d733.kxcdn.com/web/image/product.image/4280/image_1024?unique=d3fab03
54,6,https://tsumeart-1d733.kxcdn.com/web/image/product.image/4283/image_1024?unique=d3fab03
55,6,https://tsumeart-1d733.kxcdn.com/web/image/product.image/4287/image_1024?unique=d3fab03
56,6,https://tsumeart-1d733.kxcdn.com/web/image/product.image/4290/image_1024?unique=d3fab03
57,6,https://tsumeart-1d733.kxcdn.com/web/image/product.image/4291/image_1024?unique=d3fab03
58,6,https://tsumeart-1d733.kxcdn.com/web/image/product.image/4292/image_1024?unique=d3fab03
59,6,https://tsumeart-1d733.kxcdn.com/web/image/product.image/4293/image_1024?unique=d3fab03
60,6,https://tsumeart-1d733.kxcdn.com/web/image/product.image/4298/image_1024?unique=d3fab03
61,7,https://tsumeart-1d733.kxcdn.com/web/image/product.image/4432/image_1024?unique=70561d9
62,7,https://tsumeart-1d733.kxcdn.com/web/image/product.image/4433/image_1024?unique=70561d9
63,7,https://tsumeart-1d733.kxcdn.com/web/image/product.image/4434/image_1024?unique=70561d9
64,7,https://tsumeart-1d733.kxcdn.com/web/image/product.image/4435/image_1024?unique=70561d9
65,7,https://tsumeart-1d733.kxcdn.com/web/image/product.image/4436/image_1024?unique=70561d9
66,7,https://tsumeart-1d733.kxcdn.com/web/image/product.image/4437/image_1024?unique=70561d9
67,7,https://tsumeart-1d733.kxcdn.com/web/image/product.image/4442/image_1024?unique=70561d9
68,7,https://tsumeart-1d733.kxcdn.com/web/image/product.image/4444/image_1024?unique=70561d9
69,7,https://tsumeart-1d733.kxcdn.com/web/image/product.image/4447/image_1024?unique=70561d9
70,7,https://tsumeart-1d733.kxcdn.com/web/image/product.image/4446/image_1024?unique=70561d9
71,8,https://tsumeart-1d733.kxcdn.com/web/image/product.image/4449/image_1024?unique=a0c3c06
72,8,https://tsumeart-1d733.kxcdn.com/web/image/product.image/4450/image_1024?unique=a0c3c06
73,8,https://tsumeart-1d733.kxcdn.com/web/image/product.image/4451/image_1024?unique=a0c3c06
74,8,https://tsumeart-1d733.kxcdn.com/web/image/product.image/4452/image_1024?unique=a0c3c06
75,8,https://tsumeart-1d733.kxcdn.com/web/image/product.image/4454/image_1024?unique=a0c3c06
76,8,https://tsumeart-1d733.kxcdn.com/web/image/product.image/4458/image_1024?unique=a0c3c06
77,8,https://tsumeart-1d733.kxcdn.com/web/image/product.image/4461/image_1024?unique=a0c3c06
78,8,https://tsumeart-1d733.kxcdn.com/web/image/product.image/4464/image_1024?unique=a8a1f99
79,8,https://tsumeart-1d733.kxcdn.com/web/image/product.image/4465/image_1024?unique=a8a1f99
80,8,https://tsumeart-1d733.kxcdn.com/web/image/product.image/4476/image_1024?unique=a8a1f99
81,9,https://tsumeart-1d733.kxcdn.com/web/image/product.image/4680/image_1024?unique=77be3f4
82,9,https://tsumeart-1d733.kxcdn.com/web/image/product.image/4681/image_1024?unique=77be3f4
83,9,https://tsumeart-1d733.kxcdn.com/web/image/product.image/4682/image_1024?unique=77be3f4
84,9,https://tsumeart-1d733.kxcdn.com/web/image/product.image/4683/image_1024?unique=77be3f4
85,9,https://tsumeart-1d733.kxcdn.com/web/image/product.image/4684/image_1024?unique=77be3f4
86,9,https://tsumeart-1d733.kxcdn.com/web/image/product.image/4689/image_1024?unique=77be3f4
87,9,https://tsumeart-1d733.kxcdn.com/web/image/product.image/4690/image_1024?unique=77be3f4
88,9,https://tsumeart-1d733.kxcdn.com/web/image/product.image/4691/image_1024?unique=77be3f4
89,9,https://tsumeart-1d733.kxcdn.com/web/image/product.image/4693/image_1024?unique=77be3f4
90,9,https://tsumeart-1d733.kxcdn.com/web/image/product.image/4716/image_1024?unique=77be3f4
91,10,https://tsumeart-1d733.kxcdn.com/web/image/product.image/3720/image_1024?unique=bcfa259
92,10,https://tsumeart-1d733.kxcdn.com/web/image/product.image/3721/image_1024?unique=bcfa259
93,10,https://tsumeart-1d733.kxcdn.com/web/image/product.image/3722/image_1024?unique=bcfa259
94,10,https://tsumeart-1d733.kxcdn.com/web/image/product.image/3724/image_1024?unique=bcfa259
95,10,https://tsumeart-1d733.kxcdn.com/web/image/product.image/3728/image_1024?unique=bcfa259
96,10,https://tsumeart-1d733.kxcdn.com/web/image/product.image/3729/image_1024?unique=bcfa259
97,10,https://tsumeart-1d733.kxcdn.com/web/image/product.image/3730/image_1024?unique=bcfa259
98,10,https://tsumeart-1d733.kxcdn.com/web/image/product.image/3731/image_1024?unique=bcfa259
99,10,https://tsumeart-1d733.kxcdn.com/web/image/product.image/3732/image_1024?unique=bcfa259
100,10,https://tsumeart-1d733.kxcdn.com/web/image/product.image/3751/image_1024?unique=bcfa259
101,11,https://tsumeart-1d733.kxcdn.com/web/image/product.image/3302/image_1024?unique=59f092a
102,11,https://tsumeart-1d733.kxcdn.com/web/image/product.image/3303/image_1024?unique=59f092a
103,11,https://tsumeart-1d733.kxcdn.com/web/image/product.image/3304/image_1024?unique=59f092a
104,11,https://tsumeart-1d733.kxcdn.com/web/image/product.image/3305/image_1024?unique=59f092a
105,11,https://tsumeart-1d733.kxcdn.com/web/image/product.image/3306/image_1024?unique=f311b15
106,11,https://tsumeart-1d733.kxcdn.com/web/image/product.image/3307/image_1024?unique=f311b15
107,11,https://tsumeart-1d733.kxcdn.com/web/image/product.image/3309/image_1024?unique=f311b15
108,11,https://tsumeart-1d733.kxcdn.com/web/image/product.image/3313/image_1024?unique=f311b15
109,11,https://tsumeart-1d733.kxcdn.com/web/image/product.image/3311/image_1024?unique=f311b15
110,11,https://tsumeart-1d733.kxcdn.com/web/image/product.image/3314/image_1024?unique=f311b15
111,12,"https://www.sideshow.com/cdn-cgi/image/quality=90,f=auto/https://www.sideshow.com/storage/product-images/907764/justice-buster-ultimate-version_dc-comics_gallery_601b0ecf9f2ff.jpg"
112,12,"https://www.sideshow.com/cdn-cgi/image/quality=90,f=auto/https://www.sideshow.com/storage/product-images/907764/justice-buster-ultimate-version_dc-comics_gallery_601b0ed05841d.jpg"
113,12,"https://www.sideshow.com/cdn-cgi/image/quality=90,f=auto/https://www.sideshow.com/storage/product-images/907764/justice-buster-ultimate-version_dc-comics_gallery_601b0ed0ae256.jpg"
114,12,"https://www.sideshow.com/cdn-cgi/image/quality=90,f=auto/https://www.sideshow.com/storage/product-images/907764/justice-buster-ultimate-version_dc-comics_gallery_601b0ed27f3b9.jpg"
115,12,"https://www.sideshow.com/cdn-cgi/image/quality=90,f=auto/https://www.sideshow.com/storage/product-images/907764/justice-buster-ultimate-version_dc-comics_gallery_601b0ed2cba17.jpg"
116,12,"https://www.sideshow.com/cdn-cgi/image/quality=90,f=auto/https://www.sideshow.com/storage/product-images/907764/justice-buster-ultimate-version_dc-comics_gallery_601b0ed3bea70.jpg"
117,12,"https://www.sideshow.com/cdn-cgi/image/quality=90,f=auto/https://www.sideshow.com/storage/product-images/907764/justice-buster-ultimate-version_dc-comics_gallery_601b0ed4164b3.jpg"
118,12,"https://www.sideshow.com/cdn-cgi/image/quality=90,f=auto/https://www.sideshow.com/storage/product-images/907764/justice-buster-ultimate-version_dc-comics_gallery_601b0ef4487bb.jpg"
119,12,"https://www.sideshow.com/cdn-cgi/image/quality=90,f=auto/https://www.sideshow.com/storage/product-images/907764/justice-buster-ultimate-version_dc-comics_gallery_601b0ef510cc5.jpg"
120,12,"https://www.sideshow.com/cdn-cgi/image/quality=90,f=auto/https://www.sideshow.com/storage/product-images/907764/justice-buster-ultimate-version_dc-comics_gallery_601b0ef567bad.jpg"
121,13,"https://www.sideshow.com/cdn-cgi/image/quality=90,f=auto/https://www.sideshow.com/storage/product-images/9127483/batman-tactical-throne-ultimate-bonus-version_dc-comics_gallery_65039c6108ea5.jpg"
122,13,"https://www.sideshow.com/cdn-cgi/image/quality=90,f=auto/https://www.sideshow.com/storage/product-images/9127483/batman-tactical-throne-ultimate-bonus-version_dc-comics_gallery_65039c618b7db.jpg"
123,13,"https://www.sideshow.com/cdn-cgi/image/quality=90,f=auto/https://www.sideshow.com/storage/product-images/9127483/batman-tactical-throne-ultimate-bonus-version_dc-comics_gallery_65039c643a48d.jpg"
124,13,"https://www.sideshow.com/cdn-cgi/image/quality=90,f=auto/https://www.sideshow.com/storage/product-images/9127483/batman-tactical-throne-ultimate-bonus-version_dc-comics_gallery_65039c64bef54.jpg"
125,13,"https://www.sideshow.com/cdn-cgi/image/quality=90,f=auto/https://www.sideshow.com/storage/product-images/9127483/batman-tactical-throne-ultimate-bonus-version_dc-comics_gallery_65039c6552eb7.jpg"
126,13,"https://www.sideshow.com/cdn-cgi/image/quality=90,f=auto/https://www.sideshow.com/storage/product-images/9127483/batman-tactical-throne-ultimate-bonus-version_dc-comics_gallery_65039c667e178.jpg"
127,13,"https://www.sideshow.com/cdn-cgi/image/quality=90,f=auto/https://www.sideshow.com/storage/product-images/9127483/batman-tactical-throne-ultimate-bonus-version_dc-comics_gallery_65039c87ec2d2.jpg"
128,13,"https://www.sideshow.com/cdn-cgi/image/quality=90,f=auto/https://www.sideshow.com/storage/product-images/9127483/batman-tactical-throne-ultimate-bonus-version_dc-comics_gallery_65039c89e5557.jpg"
129,13,"https://www.sideshow.com/cdn-cgi/image/quality=90,f=auto/https://www.sideshow.com/storage/product-images/9127483/batman-tactical-throne-ultimate-bonus-version_dc-comics_gallery_65039c8a76b55.jpg"
130,13,"https://www.sideshow.com/cdn-cgi/image/quality=90,f=auto/https://www.sideshow.com/storage/product-images/9127483/batman-tactical-throne-ultimate-bonus-version_dc-comics_gallery_65039cb17d4d2.jpg"
131,14,"https://www.sideshow.com/cdn-cgi/image/quality=90,f=auto/https://www.sideshow.com/storage/product-images/9105973/batman-vs-the-joker-deluxe-bonus-version_dc-comics_gallery_6222b65a17ea8.jpg"
132,14,"https://www.sideshow.com/cdn-cgi/image/quality=90,f=auto/https://www.sideshow.com/storage/product-images/9105973/batman-vs-the-joker-deluxe-bonus-version_dc-comics_gallery_6222b65a6f61a.jpg"
133,14,"https://www.sideshow.com/cdn-cgi/image/quality=90,f=auto/https://www.sideshow.com/storage/product-images/9105973/batman-vs-the-joker-deluxe-bonus-version_dc-comics_gallery_6222b65aca65a.jpg"
134,14,"https://www.sideshow.com/cdn-cgi/image/quality=90,f=auto/https://www.sideshow.com/storage/product-images/9105973/batman-vs-the-joker-deluxe-bonus-version_dc-comics_gallery_6222b65c48f4e.jpg"
135,14,"https://www.sideshow.com/cdn-cgi/image/quality=90,f=auto/https://www.sideshow.com/storage/product-images/9105973/batman-vs-the-joker-deluxe-bonus-version_dc-comics_gallery_6222b65d6f1a1.jpg"
136,14,"https://www.sideshow.com/cdn-cgi/image/quality=90,f=auto/https://www.sideshow.com/storage/product-images/9105973/batman-vs-the-joker-deluxe-bonus-version_dc-comics_gallery_6222b65e79313.jpg"
137,14,"https://www.sideshow.com/cdn-cgi/image/quality=90,f=auto/https://www.sideshow.com/storage/product-images/9105973/batman-vs-the-joker-deluxe-bonus-version_dc-comics_gallery_6222b65eccdf3.jpg"
138,14,"https://www.sideshow.com/cdn-cgi/image/quality=90,f=auto/https://www.sideshow.com/storage/product-images/9105973/batman-vs-the-joker-deluxe-bonus-version_dc-comics_gallery_6222b65f97748.jpg"
139,14,"https://www.sideshow.com/cdn-cgi/image/quality=90,f=auto/https://www.sideshow.com/storage/product-images/9105973/batman-vs-the-joker-deluxe-bonus-version_dc-comics_gallery_6222b695d6842.jpg"
140,14,"https://www.sideshow.com/cdn-cgi/image/quality=90,f=auto/https://www.sideshow.com/storage/product-images/9105973/batman-vs-the-joker-deluxe-bonus-version_dc-comics_gallery_6222b698a0e03.jpg"
141,15,"https://www.sideshow.com/cdn-cgi/image/quality=90,f=auto/https://www.sideshow.com/storage/product-images/908173/batman-versus-superman-deluxe-version_dc-comics_gallery_6074b50eb7f45.jpg"
142,15,"https://www.sideshow.com/cdn-cgi/image/quality=90,f=auto/https://www.sideshow.com/storage/product-images/908173/batman-versus-superman-deluxe-version_dc-comics_gallery_6074b50f22f3e.jpg"
143,15,"https://www.sideshow.com/cdn-cgi/image/quality=90,f=auto/https://www.sideshow.com/storage/product-images/908173/batman-versus-superman-deluxe-version_dc-comics_gallery_6074b50f79a3d.jpg"
144,15,"https://www.sideshow.com/cdn-cgi/image/quality=90,f=auto/https://www.sideshow.com/storage/product-images/908173/batman-versus-superman-deluxe-version_dc-comics_gallery_6074b50fd20cc.jpg"
145,15,"https://www.sideshow.com/cdn-cgi/image/quality=90,f=auto/https://www.sideshow.com/storage/product-images/908173/batman-versus-superman-deluxe-version_dc-comics_gallery_6074b5113b8de.jpg"
146,15,"https://www.sideshow.com/cdn-cgi/image/quality=90,f=auto/https://www.sideshow.com/storage/product-images/908173/batman-versus-superman-deluxe-version_dc-comics_gallery_6074b5118f6af.jpg"
147,15,"https://www.sideshow.com/cdn-cgi/image/quality=90,f=auto/https://www.sideshow.com/storage/product-images/908173/batman-versus-superman-deluxe-version_dc-comics_gallery_6074b511e6721.jpg"
148,15,"https://www.sideshow.com/cdn-cgi/image/quality=90,f=auto/https://www.sideshow.com/storage/product-images/908173/batman-versus-superman-deluxe-version_dc-comics_gallery_6074b53cdf37a.jpg"
149,15,"https://www.sideshow.com/cdn-cgi/image/quality=90,f=auto/https://www.sideshow.com/storage/product-images/908173/batman-versus-superman-deluxe-version_dc-comics_gallery_6074b573d8888.jpg"
150,15,"https://www.sideshow.com/cdn-cgi/image/quality=90,f=auto/https://www.sideshow.com/storage/product-images/908173/batman-versus-superman-deluxe-version_dc-comics_gallery_6074b574e8e97.jpg"
151,16,"https://www.sideshow.com/cdn-cgi/image/quality=90,f=auto/https://www.sideshow.com/storage/product-images/9127583/harley-quinn-who-laughs-deluxe-bonus-version_dc-comics_gallery_650c901a4baab.jpg"
152,16,"https://www.sideshow.com/cdn-cgi/image/quality=90,f=auto/https://www.sideshow.com/storage/product-images/9127583/harley-quinn-who-laughs-deluxe-bonus-version_dc-comics_scale_650c901ca7622.jpg"
153,16,"https://www.sideshow.com/cdn-cgi/image/quality=90,f=auto/https://www.sideshow.com/storage/product-images/9127583/harley-quinn-who-laughs-deluxe-bonus-version_dc-comics_gallery_650c901aa4fd8.jpg"
154,16,"https://www.sideshow.com/cdn-cgi/image/quality=90,f=auto/https://www.sideshow.com/storage/product-images/9127583/harley-quinn-who-laughs-deluxe-bonus-version_dc-comics_gallery_650c901b07820.jpg"
155,16,"https://www.sideshow.com/cdn-cgi/image/quality=90,f=auto/https://www.sideshow.com/storage/product-images/9127583/harley-quinn-who-laughs-deluxe-bonus-version_dc-comics_gallery_650c901b5cd59.jpg"
156,16,"https://www.sideshow.com/cdn-cgi/image/quality=90,f=auto/https://www.sideshow.com/storage/product-images/9127583/harley-quinn-who-laughs-deluxe-bonus-version_dc-comics_gallery_650c901b9c584.jpg"
157,16,"https://www.sideshow.com/cdn-cgi/image/quality=90,f=auto/https://www.sideshow.com/storage/product-images/9127583/harley-quinn-who-laughs-deluxe-bonus-version_dc-comics_gallery_650c901c04bd2.jpg"
158,16,"https://www.sideshow.com/cdn-cgi/image/quality=90,f=auto/https://www.sideshow.com/storage/product-images/9127583/harley-quinn-who-laughs-deluxe-bonus-version_dc-comics_gallery_650c901c5e909.jpg"
159,16,"https://www.sideshow.com/cdn-cgi/image/quality=90,f=auto/https://www.sideshow.com/storage/product-images/9127583/harley-quinn-who-laughs-deluxe-bonus-version_dc-comics_silo.png"
160,16,"https://www.sideshow.com/cdn-cgi/image/quality=90,f=auto/https://www.sideshow.com/storage/product-images/9127583/harley-quinn-who-laughs-deluxe-bonus-version_dc-comics_gallery_650c901aa4fd8.jpg"
161,17,"https://www.sideshow.com/cdn-cgi/image/quality=90,f=auto/https://www.sideshow.com/storage/product-images/9090731/darkseid-deluxe-bonus-version_dc-comics_gallery_610b03e8e29c2.jpg"
162,17,"https://www.sideshow.com/cdn-cgi/image/quality=90,f=auto/https://www.sideshow.com/storage/product-images/9090731/darkseid-deluxe-bonus-version_dc-comics_gallery_610b03e94801d.jpg"
163,17,"https://www.sideshow.com/cdn-cgi/image/quality=90,f=auto/https://www.sideshow.com/storage/product-images/9090731/darkseid-deluxe-bonus-version_dc-comics_gallery_610b03e9a76ea.jpg"
164,17,"https://www.sideshow.com/cdn-cgi/image/quality=90,f=auto/https://www.sideshow.com/storage/product-images/9090731/darkseid-deluxe-bonus-version_dc-comics_gallery_610b03ea0a18d.jpg"
165,17,"https://www.sideshow.com/cdn-cgi/image/quality=90,f=auto/https://www.sideshow.com/storage/product-images/9090731/darkseid-deluxe-bonus-version_dc-comics_gallery_610b03ea5b9b5.jpg"
166,17,"https://www.sideshow.com/cdn-cgi/image/quality=90,f=auto/https://www.sideshow.com/storage/product-images/9090731/darkseid-deluxe-bonus-version_dc-comics_gallery_610b03eab1176.jpg"
167,17,"https://www.sideshow.com/cdn-cgi/image/quality=90,f=auto/https://www.sideshow.com/storage/product-images/9090731/darkseid-deluxe-bonus-version_dc-comics_gallery_610b03eb1540e.jpg"
168,17,"https://www.sideshow.com/cdn-cgi/image/quality=90,f=auto/https://www.sideshow.com/storage/product-images/9090731/darkseid-deluxe-bonus-version_dc-comics_gallery_610b03ebce57d.jpg"
169,17,"https://www.sideshow.com/cdn-cgi/image/quality=90,f=auto/https://www.sideshow.com/storage/product-images/9090731/darkseid-deluxe-bonus-version_dc-comics_gallery_610b03ec3966b.jpg"
170,17,"https://www.sideshow.com/cdn-cgi/image/quality=90,f=auto/https://www.sideshow.com/storage/product-images/9090731/darkseid-deluxe-bonus-version_dc-comics_silo.png"
171,18,"https://www.sideshow.com/cdn-cgi/image/quality=90,f=auto/https://www.sideshow.com/storage/product-images/9124753/batman-dark-detective-deluxe-bonus-version_dc-comics_gallery_64ac96da4c4dd.jpg"
172,18,"https://www.sideshow.com/cdn-cgi/image/quality=90,f=auto/https://www.sideshow.com/storage/product-images/9124753/batman-dark-detective-deluxe-bonus-version_dc-comics_scale_64a86fc8b8ae1.jpg"
173,18,"https://www.sideshow.com/cdn-cgi/image/quality=90,f=auto/https://www.sideshow.com/storage/product-images/912475/batman-dark-detective_dc-comics_gallery_64a86f544ecea.jpg"
174,18,"https://www.sideshow.com/cdn-cgi/image/quality=90,f=auto/https://www.sideshow.com/storage/product-images/912475/batman-dark-detective_dc-comics_gallery_64a86f55abb10.jpg"
175,18,"https://www.sideshow.com/cdn-cgi/image/quality=90,f=auto/https://www.sideshow.com/storage/product-images/912475/batman-dark-detective_dc-comics_gallery_64a86f560a3e8.jpg"
176,18,"https://www.sideshow.com/cdn-cgi/image/quality=90,f=auto/https://www.sideshow.com/storage/product-images/912475/batman-dark-detective_dc-comics_gallery_64a86f5680c4e.jpg"
177,18,"https://www.sideshow.com/cdn-cgi/image/quality=90,f=auto/https://www.sideshow.com/storage/product-images/912475/batman-dark-detective_dc-comics_gallery_64a86f56d2af0.jpg"
178,18,"https://www.sideshow.com/cdn-cgi/image/quality=90,f=auto/https://www.sideshow.com/storage/product-images/912475/batman-dark-detective_dc-comics_gallery_64a86f572eea8.jpg"
179,18,"https://www.sideshow.com/cdn-cgi/image/quality=90,f=auto/https://www.sideshow.com/storage/product-images/912475/batman-dark-detective_dc-comics_gallery_64a86f59255a3.jpg"
180,18,"https://www.sideshow.com/cdn-cgi/image/quality=90,f=auto/https://www.sideshow.com/storage/product-images/912475/batman-dark-detective_dc-comics_gallery_64a86f6b82948.jpg"
181,19,"https://www.sideshow.com/cdn-cgi/image/quality=90,f=auto/https://www.sideshow.com/storage/product-images/9120573/death-metal-batman-deluxe-bonus-version_dc-comics_gallery_63b5ee36ee9eb.jpg"
182,19,"https://www.sideshow.com/cdn-cgi/image/quality=90,f=auto/https://www.sideshow.com/storage/product-images/9120573/death-metal-batman-deluxe-bonus-version_dc-comics_gallery_63b5ee374f904.jpg"
183,19,"https://www.sideshow.com/cdn-cgi/image/quality=90,f=auto/https://www.sideshow.com/storage/product-images/9120573/death-metal-batman-deluxe-bonus-version_dc-comics_gallery_63b5ee37c0b05.jpg"
184,19,"https://www.sideshow.com/cdn-cgi/image/quality=90,f=auto/https://www.sideshow.com/storage/product-images/9120573/death-metal-batman-deluxe-bonus-version_dc-comics_gallery_63b5ee385565b.jpg"
185,19,"https://www.sideshow.com/cdn-cgi/image/quality=90,f=auto/https://www.sideshow.com/storage/product-images/9120573/death-metal-batman-deluxe-bonus-version_dc-comics_gallery_63b5ee38d7cd6.jpg"
186,19,"https://www.sideshow.com/cdn-cgi/image/quality=90,f=auto/https://www.sideshow.com/storage/product-images/9120573/death-metal-batman-deluxe-bonus-version_dc-comics_gallery_63b5ee3933f89.jpg"
187,19,"https://www.sideshow.com/cdn-cgi/image/quality=90,f=auto/https://www.sideshow.com/storage/product-images/9120573/death-metal-batman-deluxe-bonus-version_dc-comics_gallery_63b5ee397ecec.jpg"
188,19,"https://www.sideshow.com/cdn-cgi/image/quality=90,f=auto/https://www.sideshow.com/storage/product-images/9120573/death-metal-batman-deluxe-bonus-version_dc-comics_gallery_63b5ee39c7337.jpg"
189,19,"https://www.sideshow.com/cdn-cgi/image/quality=90,f=auto/https://www.sideshow.com/storage/product-images/9120573/death-metal-batman-deluxe-bonus-version_dc-comics_gallery_63b5ee37c0b05.jpg"
190,19,"https://www.sideshow.com/cdn-cgi/image/quality=90,f=auto/https://www.sideshow.com/storage/product-images/9120573/death-metal-batman-deluxe-bonus-version_dc-comics_silo.png"
191,20,"https://www.sideshow.com/cdn-cgi/image/quality=90,f=auto/https://www.sideshow.com/storage/product-images/909787/steppenwolf-deluxe-version_dc-comics_gallery_618dd0735db75.jpg"
192,20,"https://www.sideshow.com/cdn-cgi/image/quality=90,f=auto/https://www.sideshow.com/storage/product-images/909787/steppenwolf-deluxe-version_dc-comics_gallery_618dd073baaa7.jpg"
193,20,"https://www.sideshow.com/cdn-cgi/image/quality=90,f=auto/https://www.sideshow.com/storage/product-images/909787/steppenwolf-deluxe-version_dc-comics_gallery_618dd07426125.jpg"
194,20,"https://www.sideshow.com/cdn-cgi/image/quality=90,f=auto/https://www.sideshow.com/storage/product-images/909787/steppenwolf-deluxe-version_dc-comics_gallery_618dd0747e1ff.jpg"
195,20,"https://www.sideshow.com/cdn-cgi/image/quality=90,f=auto/https://www.sideshow.com/storage/product-images/909787/steppenwolf-deluxe-version_dc-comics_gallery_618dd075e6260.jpg"
196,20,"https://www.sideshow.com/cdn-cgi/image/quality=90,f=auto/https://www.sideshow.com/storage/product-images/909787/steppenwolf-deluxe-version_dc-comics_gallery_618dd07642488.jpg"
197,20,"https://www.sideshow.com/cdn-cgi/image/quality=90,f=auto/https://www.sideshow.com/storage/product-images/909787/steppenwolf-deluxe-version_dc-comics_gallery_618dd076986ea.jpg"
198,20,"https://www.sideshow.com/cdn-cgi/image/quality=90,f=auto/https://www.sideshow.com/storage/product-images/909787/steppenwolf-deluxe-version_dc-comics_gallery_618dd077552f2.jpg"
199,20,"https://www.sideshow.com/cdn-cgi/image/quality=90,f=auto/https://www.sideshow.com/storage/product-images/909787/steppenwolf-deluxe-version_dc-comics_gallery_618dd077ada8e.jpg"
200,20,"https://www.sideshow.com/cdn-cgi/image/quality=90,f=auto/https://www.sideshow.com/storage/product-images/909787/steppenwolf-deluxe-version_dc-comics_gallery_618dd0960fd9b.jpg"